TransactionID,AccountID,TransactionAmount,TransactionDate,TransactionType,Location,DeviceID,IP Address,MerchantID,Channel,CustomerAge,CustomerOccupation,TransactionDuration,LoginAttempts,AccountBalance,PreviousTransactionDate,expected_result,predicted,predicted_label,probability_fraud,correct
TX_TEST_074,AC92711,156.18,2023-02-03 15:48:00,Debit,Houston,D607403,18.14.235.208,M638,Online,22,Doctor,60,1,7784.74,2023-01-09 15:48:00,normal,0,normal,0.0,True
TX_TEST_060,AC67134,347.12,2023-01-10 22:56:00,Debit,Chicago,D251563,62.79.215.83,M875,ATM,38,Student,60,1,6898.88,2022-12-18 22:56:00,normal,0,normal,0.0,True
TX_TEST_119,AC93457,993.4,2023-06-02 00:00:00,Debit,New York,D638645,112.56.65.74,M197,ATM,60,Doctor,10,3,10126.96,2023-05-28 00:00:00,fraud,1,fraud,0.7093972059240516,True
TX_TEST_114,AC93930,82.65,2023-01-17 09:05:00,Debit,Chicago,D616494,198.46.77.124,M174,Online,41,Student,40,2,1802.46,2023-01-01 09:05:00,fraud,0,normal,0.09821880674584417,False
TX_EDGE_132,AC56733,97.4,2023-01-24 17:51:00,Debit,San Jose,D195028,227.232.186.78,M321,Branch,60,Retired,115,1,15883.37,2023-01-22 17:51:00,fraud,0,normal,0.0,False
TX_TEST_093,AC75681,490.36,2023-03-04 09:59:00,Debit,Chicago,D334386,164.201.224.183,M341,Branch,48,Doctor,60,1,7790.67,2023-02-07 09:59:00,fraud,0,normal,0.0,False
TX_TEST_044,AC29282,226.03,2023-12-03 16:20:00,Debit,Chicago,D779290,78.153.61.132,M700,Branch,41,Engineer,30,1,4053.24,2023-11-28 16:20:00,normal,0,normal,0.08,True
TX_TEST_099,AC82909,269.94,2023-03-02 09:26:00,Debit,Houston,D204211,210.9.24.194,M892,ATM,30,Student,80,1,2210.8,2023-02-12 09:26:00,fraud,0,normal,0.01,False
TX_TEST_094,AC42117,1818.19,2023-09-25 02:01:00,Debit,Chicago,D394054,169.240.202.231,M379,Online,54,Retired,45,3,1052.82,2023-09-25 02:01:00,fraud,0,normal,0.4548458354350053,False
TX_TEST_084,AC52240,33.68,2023-10-10 11:11:00,Debit,Chicago,D869299,8.170.203.1,M412,Branch,66,Doctor,30,1,14661.67,2023-10-01 11:11:00,normal,0,normal,0.07,True
TX_EDGE_136,AC14378,72.47,2023-01-12 10:05:00,Debit,San Jose,D664871,211.123.105.193,M540,Online,32,Student,224,3,1175.11,2023-01-09 10:05:00,normal,0,normal,0.06813517031920197,True
TX_EDGE_134,AC42174,1979.88,2023-08-01 10:07:00,Debit,San Jose,D855111,76.181.75.174,M658,Online,28,Student,98,1,19045.39,2023-07-26 10:07:00,normal,0,normal,0.028281472733551458,True
TX_TEST_077,AC45488,503.48,2023-06-22 13:27:00,Debit,New York,D436585,168.159.241.252,M964,ATM,43,Retired,30,1,6066.57,2023-06-02 13:27:00,normal,0,normal,0.06,True
TX_TEST_018,AC13051,172.17,2023-01-08 06:52:00,Debit,Chicago,D804107,5.102.195.6,M976,ATM,41,Doctor,60,2,1916.79,2022-12-11 06:52:00,normal,0,normal,0.0,True
TX_TEST_087,AC34089,2265.49,2023-11-10 22:29:00,Debit,Los Angeles,D136487,47.231.112.76,M939,ATM,49,Student,10,5,372.37,2023-10-24 22:29:00,fraud,1,fraud,0.7864043034219668,True
TX_TEST_076,AC36589,31.01,2023-01-08 23:20:00,Debit,Chicago,D785375,82.109.238.95,M265,ATM,72,Retired,30,1,2491.61,2022-12-21 23:20:00,normal,0,normal,0.04,True
TX_EDGE_149,AC92302,2487.48,2023-10-17 11:20:00,Debit,New York,D847028,44.138.102.68,M598,Online,27,Doctor,140,1,10408.96,2023-10-10 11:20:00,normal,0,normal,0.0,True
TX_TEST_090,AC37598,933.92,2023-10-25 00:11:00,Debit,Los Angeles,D766923,228.14.42.176,M442,Online,20,Retired,75,4,632.59,2023-10-25 00:11:00,fraud,0,normal,0.19306078502037738,False
TX_TEST_016,AC21093,60.29,2023-08-18 20:31:00,Debit,Los Angeles,D118070,194.126.154.234,M485,Online,44,Doctor,60,2,591.22,2023-08-03 20:31:00,normal,0,normal,0.09630328113532334,True
TX_TEST_032,AC56540,36.55,2023-06-27 10:26:00,Debit,Los Angeles,D251456,98.104.98.129,M504,ATM,66,Engineer,120,1,4571.07,2023-06-10 10:26:00,normal,0,normal,0.0,True
TX_TEST_113,AC72539,124.33,2023-03-17 01:45:00,Debit,Los Angeles,D252889,230.116.158.100,M803,ATM,54,Doctor,60,1,2935.26,2023-03-17 01:45:00,fraud,0,normal,0.0,False
TX_TEST_071,AC17491,109.05,2023-04-20 06:31:00,Debit,Phoenix,D883066,192.16.11.150,M500,Branch,47,Doctor,60,1,1628.61,2023-04-16 06:31:00,normal,0,normal,0.0,True
TX_TEST_039,AC16168,1314.12,2023-09-17 12:12:00,Debit,Los Angeles,D732387,138.66.232.109,M245,ATM,29,Engineer,60,1,190.93,2023-08-28 12:12:00,normal,0,normal,0.17457932040839666,True
TX_EDGE_127,AC82516,2775.39,2023-07-16 17:21:00,Debit,Chicago,D286987,139.93.14.91,M388,Online,42,Doctor,140,1,7446.87,2023-07-14 17:21:00,normal,0,normal,0.0189476115194823,True
TX_EDGE_141,AC84637,70.52,2023-03-11 10:12:00,Debit,New York,D571249,51.117.200.121,M650,ATM,53,Engineer,29,1,2519.19,2023-03-08 10:12:00,normal,0,normal,0.36,True
TX_EDGE_135,AC88002,85.02,2023-06-20 11:56:00,Debit,Miami,D653091,55.198.91.28,M871,ATM,46,Retired,27,1,3751.87,2023-06-14 11:56:00,normal,0,normal,0.38,True
TX_TEST_029,AC71642,157.37,2023-05-16 03:53:00,Credit,Phoenix,D831899,229.163.226.147,M631,Online,25,Engineer,120,1,5896.15,2023-04-25 03:53:00,normal,0,normal,0.0,True
TX_EDGE_126,AC79615,66.34,2023-03-12 14:27:00,Debit,New York,D529332,156.247.217.190,M516,ATM,33,Engineer,294,3,9319.63,2023-03-05 14:27:00,normal,0,normal,0.0,True
TX_EDGE_124,AC64400,84.43,2023-12-11 17:45:00,Debit,Chicago,D256222,109.118.244.21,M769,Branch,30,Doctor,63,1,4183.4,2023-12-03 17:45:00,fraud,0,normal,0.0,False
TX_EDGE_140,AC20651,166.65,2023-02-05 12:18:00,Debit,San Jose,D199239,84.112.224.76,M477,ATM,28,Doctor,265,4,1611.99,2023-01-28 12:18:00,normal,0,normal,0.2,True
TX_TEST_006,AC97054,521.28,2023-07-27 08:08:00,Credit,Los Angeles,D318969,42.123.204.179,M674,Online,33,Engineer,90,2,18536.33,2023-07-12 08:08:00,normal,0,normal,0.10733450930389972,True
TX_TEST_083,AC79350,1568.59,2023-08-07 10:24:00,Debit,Houston,D932325,145.122.88.249,M127,ATM,57,Doctor,90,1,16827.56,2023-07-18 10:24:00,normal,0,normal,0.0679822593006593,True
TX_TEST_079,AC84137,195.88,2023-04-06 18:57:00,Debit,Chicago,D920094,3.126.40.188,M973,Branch,39,Student,120,1,1675.18,2023-03-15 18:57:00,normal,0,normal,0.0,True
TX_EDGE_121,AC28658,642.96,2023-12-01 16:41:00,Debit,Chicago,D121253,167.179.22.89,M478,Online,26,Engineer,108,1,4039.57,2023-11-26 16:41:00,fraud,0,normal,0.0,False
TX_TEST_014,AC58404,332.36,2023-08-27 11:26:00,Debit,Phoenix,D940477,97.27.110.192,M580,ATM,67,Student,90,1,958.15,2023-08-25 11:26:00,normal,0,normal,0.0,True
TX_TEST_034,AC91317,92.45,2023-02-11 14:50:00,Debit,Phoenix,D427359,252.225.37.50,M197,Online,36,Student,180,1,10629.52,2023-02-04 14:50:00,normal,0,normal,0.0,True
TX_TEST_106,AC86295,320.33,2023-07-19 05:27:00,Debit,Houston,D760799,138.37.110.224,M467,Branch,38,Student,10,1,2385.16,2023-07-19 05:27:00,fraud,0,normal,0.0,False
TX_TEST_116,AC19557,236.74,2023-09-04 23:20:00,Debit,Houston,D465446,163.182.219.14,M731,ATM,46,Retired,80,1,14360.71,2023-09-04 23:20:00,fraud,0,normal,0.0,False
TX_TEST_002,AC90038,48.59,2023-03-05 13:50:00,Debit,Houston,D449457,132.88.59.14,M341,ATM,66,Retired,60,1,5308.67,2023-02-26 13:50:00,normal,0,normal,0.0,True
TX_TEST_065,AC72211,52.48,2023-02-25 19:06:00,Credit,Chicago,D550195,93.62.53.117,M342,Online,25,Student,120,2,2617.18,2023-02-05 19:06:00,normal,0,normal,0.018348496607519985,True
TX_TEST_109,AC74028,3551.5,2023-09-22 05:27:00,Debit,Chicago,D743534,180.26.49.95,M562,ATM,24,Retired,120,3,533.54,2023-09-22 05:27:00,fraud,0,normal,0.37162403073849865,False
TX_TEST_107,AC27153,4876.07,2023-02-10 12:20:00,Debit,New York,D421909,13.180.159.95,M387,Online,66,Retired,25,3,581.03,2023-02-10 12:20:00,fraud,0,normal,0.4774254807285444,False
TX_TEST_009,AC33664,116.1,2023-12-07 08:01:00,Debit,New York,D691460,113.183.80.187,M212,ATM,60,Doctor,60,2,1390.29,2023-12-04 08:01:00,normal,0,normal,0.00972624514305899,True
TX_EDGE_137,AC64245,5700.0,2023-08-17 12:12:00,Debit,Miami,D667344,46.112.189.136,M654,Online,59,Retired,103,1,6289.86,2023-08-11 12:12:00,normal,0,normal,0.059198433013407256,True
TX_EDGE_147,AC63161,165.43,2023-06-27 10:14:00,Debit,Chicago,D876676,122.124.36.170,M223,Branch,51,Doctor,102,1,2628.48,2023-06-21 10:14:00,fraud,0,normal,0.0,False
TX_EDGE_142,AC12282,260.16,2023-02-17 16:40:00,Debit,Chicago,D789984,55.44.206.218,M456,Branch,53,Doctor,112,1,1261.53,2023-02-10 16:40:00,fraud,0,normal,0.0,False
TX_TEST_086,AC89141,120.72,2023-08-15 13:42:00,Debit,Los Angeles,D112115,151.127.125.45,M407,Branch,35,Engineer,80,1,2463.39,2023-08-03 13:42:00,fraud,0,normal,0.0,False
TX_TEST_104,AC63352,651.54,2023-04-06 17:41:00,Debit,Houston,D524127,17.119.136.169,M228,Online,54,Retired,40,1,659.81,2023-03-24 17:41:00,fraud,0,normal,0.04,False
TX_EDGE_131,AC38365,247.3,2023-12-20 17:44:00,Debit,Chicago,D565982,73.250.123.119,M732,Online,27,Doctor,105,1,1707.63,2023-12-12 17:44:00,fraud,0,normal,0.0,False
TX_EDGE_128,AC51814,122.58,2023-12-01 12:07:00,Debit,San Jose,D846111,191.66.3.186,M914,Branch,52,Student,94,1,3781.39,2023-11-23 12:07:00,fraud,0,normal,0.0,False
TX_TEST_037,AC33321,90.98,2023-10-13 06:26:00,Debit,Los Angeles,D503704,47.120.213.239,M155,Online,60,Doctor,30,1,1406.07,2023-10-04 06:26:00,normal,0,normal,0.08,True
TX_TEST_025,AC79896,59.06,2023-12-09 10:18:00,Debit,Chicago,D159163,206.222.127.52,M950,ATM,44,Student,90,1,9402.33,2023-11-27 10:18:00,normal,0,normal,0.0,True
TX_TEST_036,AC51240,12.33,2023-08-04 06:39:00,Debit,Chicago,D357218,96.194.154.93,M771,Online,42,Student,60,1,3271.67,2023-07-31 06:39:00,normal,0,normal,0.0,True
TX_TEST_001,AC93104,42.72,2023-12-06 22:01:00,Debit,Phoenix,D284779,58.21.252.236,M956,Branch,55,Student,30,1,5338.41,2023-11-08 22:01:00,normal,0,normal,0.07,True
TX_TEST_003,AC50757,499.17,2023-06-22 09:41:00,Debit,Houston,D371836,191.145.217.44,M261,Online,36,Retired,120,1,971.35,2023-06-18 09:41:00,normal,0,normal,0.0,True
TX_TEST_058,AC38769,16.26,2023-04-17 09:58:00,Debit,Chicago,D808662,111.151.245.150,M168,Online,70,Engineer,60,2,1110.43,2023-04-10 09:58:00,normal,0,normal,0.00988866942000359,True
TX_TEST_068,AC19516,144.02,2023-12-05 06:12:00,Debit,Houston,D606079,62.92.114.186,M422,Branch,45,Engineer,60,1,1396.95,2023-11-18 06:12:00,normal,0,normal,0.0,True
TX_EDGE_146,AC17069,3331.11,2023-01-13 12:49:00,Debit,San Jose,D928791,88.186.66.75,M656,Online,36,Doctor,145,1,8566.26,2023-01-07 12:49:00,normal,0,normal,0.01922136637642331,True
TX_TEST_040,AC38024,1312.99,2023-11-13 08:05:00,Credit,Los Angeles,D814016,181.149.20.198,M681,Online,25,Retired,30,2,6951.36,2023-11-08 08:05:00,normal,0,normal,0.17758428356682288,True
TX_TEST_049,AC29256,82.81,2023-05-26 06:45:00,Credit,New York,D594592,63.181.54.115,M760,Online,60,Student,30,1,17365.12,2023-05-22 06:45:00,normal,0,normal,0.08922136637642332,True
TX_TEST_026,AC84460,781.02,2023-10-05 04:34:00,Debit,Los Angeles,D464778,75.145.238.76,M108,Branch,58,Doctor,120,1,47659.93,2023-09-12 04:34:00,normal,0,normal,0.0,True
TX_EDGE_150,AC84965,1057.46,2023-01-03 11:59:00,Debit,Austin,D277912,152.249.18.165,M952,Online,58,Student,102,1,9132.76,2022-12-31 11:59:00,normal,0,normal,0.009638294148532756,True
TX_TEST_050,AC16783,64.36,2023-11-02 11:26:00,Debit,Los Angeles,D666202,108.250.178.182,M763,Online,71,Student,90,1,8046.0,2023-10-16 11:26:00,normal,0,normal,0.0,True
TX_TEST_105,AC40111,447.82,2023-01-23 01:23:00,Debit,Chicago,D163936,87.100.7.77,M299,ATM,45,Doctor,25,5,1022.87,2023-01-18 01:23:00,fraud,1,fraud,0.979890079133273,True
TX_EDGE_125,AC25036,2197.21,2023-02-26 12:04:00,Debit,San Jose,D832635,221.8.115.230,M533,Online,57,Retired,92,1,5507.22,2023-02-22 12:04:00,normal,0,normal,0.05876174521564336,True
TX_TEST_085,AC90896,3619.74,2023-02-09 00:36:00,Credit,Houston,D270102,35.197.228.245,M158,ATM,45,Doctor,120,3,11313.49,2023-01-11 00:36:00,fraud,0,normal,0.26278623695568515,False
TX_TEST_057,AC56828,233.83,2023-06-27 08:39:00,Debit,Phoenix,D672212,199.137.172.145,M575,Branch,31,Doctor,90,1,1125.47,2023-06-25 08:39:00,normal,0,normal,0.0,True
TX_TEST_030,AC76203,232.13,2023-08-06 21:11:00,Debit,Los Angeles,D260775,122.91.163.90,M747,ATM,42,Retired,90,3,1140.78,2023-07-13 21:11:00,normal,0,normal,0.05919332439353174,True
TX_TEST_056,AC61693,172.62,2023-07-09 14:53:00,Debit,Los Angeles,D216739,154.185.28.109,M709,ATM,70,Engineer,120,2,13683.72,2023-06-17 14:53:00,normal,0,normal,0.01922136637642331,True
TX_EDGE_123,AC16629,218.72,2023-11-18 11:42:00,Debit,Miami,D471616,220.128.246.8,M712,Online,40,Student,249,4,1278.76,2023-11-09 11:42:00,normal,0,normal,0.2196332971939105,True
TX_TEST_024,AC44911,290.21,2023-04-18 15:48:00,Debit,New York,D844086,190.223.36.12,M468,Online,28,Student,60,1,7314.23,2023-04-11 15:48:00,normal,0,normal,0.0,True
TX_TEST_041,AC38746,110.33,2023-06-02 23:19:00,Debit,Phoenix,D222883,79.133.117.113,M705,Branch,74,Student,60,1,2216.89,2023-05-05 23:19:00,normal,0,normal,0.0,True
TX_TEST_066,AC52874,79.12,2023-04-26 12:48:00,Credit,New York,D107657,163.177.81.62,M244,Branch,25,Doctor,60,1,1925.24,2023-03-28 12:48:00,normal,0,normal,0.0,True
TX_TEST_021,AC78385,1294.3,2023-10-22 10:04:00,Debit,Phoenix,D750419,223.137.249.147,M541,ATM,58,Doctor,30,1,9223.97,2023-10-18 10:04:00,normal,0,normal,0.12914411833220718,True
TX_TEST_112,AC71627,1056.83,2023-08-07 02:20:00,Credit,Los Angeles,D133848,173.19.16.119,M682,ATM,27,Student,25,1,11.85,2023-08-07 02:20:00,fraud,0,normal,0.42076814197769735,False
TX_TEST_042,AC77584,360.25,2023-01-20 10:48:00,Debit,Houston,D204537,142.63.37.37,M993,Online,63,Doctor,90,1,4670.42,2023-01-08 10:48:00,normal,0,normal,0.009221366376423307,True
TX_TEST_010,AC77863,102.07,2023-08-27 05:16:00,Debit,Houston,D468452,116.97.197.214,M610,Branch,72,Retired,90,1,3291.18,2023-08-21 05:16:00,normal,0,normal,0.0,True
TX_EDGE_139,AC65284,52.88,2023-12-08 11:07:00,Debit,Austin,D600844,12.188.239.161,M400,ATM,25,Retired,29,1,1651.97,2023-12-02 11:07:00,normal,0,normal,0.27,True
TX_TEST_089,AC41324,721.82,2023-10-07 04:14:00,Debit,New York,D990328,161.48.223.241,M390,ATM,25,Doctor,60,2,2124.17,2023-09-09 04:14:00,fraud,0,normal,0.009594912448819583,False
TX_TEST_043,AC29216,6760.9,2023-04-01 15:36:00,Debit,Phoenix,D872042,143.151.37.247,M518,Online,42,Doctor,60,1,526.79,2023-03-23 15:36:00,normal,0,normal,0.17628505028184624,True
TX_TEST_022,AC14000,2238.6,2023-02-03 13:59:00,Debit,Houston,D825948,179.170.100.12,M934,Branch,47,Student,120,1,5982.83,2023-02-02 13:59:00,normal,0,normal,0.0,True
TX_TEST_080,AC99899,422.15,2023-07-21 07:54:00,Credit,Phoenix,D906481,198.145.210.150,M648,ATM,38,Retired,90,1,23880.65,2023-07-02 07:54:00,normal,0,normal,0.01,True
TX_TEST_031,AC59407,67.57,2023-03-06 13:17:00,Debit,Houston,D563556,47.152.193.10,M923,Branch,36,Engineer,180,3,4361.07,2023-02-15 13:17:00,normal,0,normal,0.0,True
TX_TEST_061,AC22182,516.07,2023-10-16 21:06:00,Debit,New York,D712121,213.85.249.135,M881,Branch,31,Doctor,180,1,11117.81,2023-09-29 21:06:00,normal,0,normal,0.0,True
TX_TEST_103,AC66532,468.6,2023-07-05 06:00:00,Debit,Phoenix,D640340,82.228.172.160,M263,Online,51,Doctor,40,2,5214.27,2023-07-04 06:00:00,fraud,0,normal,0.23576059301902752,False
TX_TEST_013,AC12869,74.89,2023-02-14 22:17:00,Debit,Chicago,D881474,208.188.168.228,M260,ATM,54,Engineer,120,1,4811.21,2023-02-12 22:17:00,normal,0,normal,0.0,True
TX_TEST_069,AC96206,439.86,2023-11-13 07:24:00,Debit,Chicago,D169274,166.187.6.133,M846,Branch,59,Student,120,1,33391.24,2023-10-23 07:24:00,normal,0,normal,0.0,True
TX_TEST_059,AC64912,266.96,2023-09-09 11:39:00,Debit,Los Angeles,D658296,61.170.103.42,M124,Branch,64,Engineer,120,1,462.46,2023-08-23 11:39:00,normal,0,normal,0.0,True
TX_TEST_067,AC98801,88.42,2023-11-09 10:02:00,Credit,New York,D388075,170.8.206.40,M636,ATM,33,Student,90,1,7781.61,2023-10-15 10:02:00,normal,0,normal,0.0,True
TX_TEST_038,AC15122,548.27,2023-11-24 15:50:00,Debit,Los Angeles,D904462,151.237.106.239,M607,Online,41,Retired,60,1,1729.46,2023-11-17 15:50:00,normal,0,normal,0.0,True
TX_TEST_063,AC62393,6.77,2023-10-12 14:01:00,Credit,Phoenix,D559297,158.250.246.13,M240,Branch,23,Engineer,90,1,17288.78,2023-09-19 14:01:00,normal,0,normal,0.0,True
TX_TEST_019,AC18308,1576.4,2023-07-26 10:36:00,Debit,Chicago,D368093,23.126.136.140,M740,Branch,61,Engineer,30,1,1499.54,2023-06-30 10:36:00,normal,0,normal,0.1,True
TX_TEST_097,AC92205,1095.5,2023-04-08 01:55:00,Credit,Houston,D984884,84.197.149.210,M555,Branch,27,Engineer,60,1,1807.87,2023-03-14 01:55:00,fraud,0,normal,0.009467079250472753,False
TX_TEST_095,AC79249,1218.49,2023-06-09 02:38:00,Debit,Chicago,D825947,5.171.26.160,M248,Online,57,Retired,25,3,811.41,2023-06-09 02:38:00,fraud,0,normal,0.44786165986243004,False
TX_TEST_111,AC23944,1120.27,2023-10-22 22:11:00,Debit,Houston,D382017,181.120.19.75,M854,Online,58,Engineer,75,4,221.24,2023-10-08 22:11:00,fraud,0,normal,0.2957009628871941,False
TX_TEST_045,AC28381,864.0,2023-01-15 08:54:00,Debit,New York,D192263,179.38.178.198,M745,ATM,57,Student,60,1,2231.23,2023-01-13 08:54:00,normal,0,normal,0.0,True
TX_TEST_072,AC54064,857.11,2023-12-07 13:28:00,Debit,Chicago,D632101,111.78.159.179,M558,Branch,48,Student,120,1,585.33,2023-11-26 13:28:00,normal,0,normal,0.0,True
TX_TEST_073,AC13093,19.86,2023-02-15 09:13:00,Debit,Phoenix,D384186,195.80.125.236,M539,ATM,58,Engineer,60,3,2235.47,2023-01-26 09:13:00,normal,0,normal,0.0,True
TX_EDGE_130,AC81678,33.68,2023-08-03 13:18:00,Debit,Austin,D636397,251.83.112.25,M523,ATM,62,Doctor,22,1,3463.85,2023-07-27 13:18:00,normal,1,fraud,0.6787663164597262,False
TX_TEST_035,AC95392,58.61,2023-05-04 18:09:00,Debit,Los Angeles,D842729,17.251.83.216,M168,ATM,34,Student,90,1,4186.8,2023-04-10 18:09:00,normal,0,normal,0.0,True
TX_TEST_007,AC53585,5561.3,2023-11-19 05:21:00,Credit,Phoenix,D471369,45.61.184.245,M745,ATM,34,Retired,30,1,1064.11,2023-10-22 05:21:00,normal,0,normal,0.23604340670263593,True
TX_TEST_004,AC49099,226.9,2023-08-26 12:24:00,Credit,Los Angeles,D616588,41.156.14.45,M164,ATM,59,Engineer,90,1,5372.45,2023-07-29 12:24:00,normal,0,normal,0.0,True
TX_EDGE_138,AC45634,141.55,2023-09-17 09:23:00,Debit,Miami,D476742,183.40.38.141,M803,Online,33,Retired,80,1,1633.16,2023-09-11 09:23:00,fraud,0,normal,0.0,False
TX_TEST_110,AC59666,442.89,2023-08-10 16:57:00,Debit,Houston,D575584,132.103.226.224,M931,Online,46,Engineer,60,1,5032.21,2023-08-10 16:57:00,fraud,0,normal,0.00946707925047275,False
TX_TEST_092,AC86666,80.06,2023-06-01 00:43:00,Debit,Houston,D712492,119.149.117.21,M825,Online,66,Doctor,120,4,1987.73,2023-06-01 00:43:00,fraud,0,normal,0.018829476815098004,False
TX_TEST_082,AC58364,23.8,2023-10-22 23:11:00,Credit,Los Angeles,D360116,143.224.98.26,M619,Branch,53,Student,90,1,40218.59,2023-10-19 23:11:00,normal,0,normal,0.01,True
TX_EDGE_143,AC46268,1359.57,2023-12-21 14:53:00,Debit,San Jose,D331496,181.229.121.30,M287,Online,47,Retired,114,1,11039.58,2023-12-17 14:53:00,normal,0,normal,0.0,True
TX_TEST_078,AC72768,131.46,2023-02-10 16:54:00,Credit,Los Angeles,D675335,203.60.194.123,M108,ATM,21,Doctor,30,1,1606.19,2023-01-29 16:54:00,normal,0,normal,0.09,True
TX_TEST_053,AC40678,29.09,2023-09-23 10:02:00,Credit,Phoenix,D176218,253.71.53.249,M338,Online,47,Student,60,1,1431.7,2023-08-30 10:02:00,normal,0,normal,0.0,True
TX_TEST_051,AC72823,699.58,2023-06-22 07:27:00,Debit,New York,D251878,1.223.140.222,M314,Online,68,Retired,60,1,1575.21,2023-05-24 07:27:00,normal,0,normal,0.0,True
TX_TEST_081,AC88339,190.45,2023-10-24 18:19:00,Debit,New York,D912395,126.19.187.152,M661,Online,34,Retired,90,1,4205.03,2023-10-19 18:19:00,normal,0,normal,0.0,True
TX_EDGE_144,AC55734,276.57,2023-06-04 17:59:00,Debit,Chicago,D988097,184.155.164.7,M295,Branch,39,Engineer,87,1,4407.02,2023-06-02 17:59:00,fraud,0,normal,0.0,False
TX_TEST_120,AC15774,17418.79,2023-04-26 01:03:00,Credit,New York,D303127,232.212.78.214,M727,Online,27,Student,120,2,1222.47,2023-04-04 01:03:00,fraud,0,normal,0.4030753466749634,False
TX_TEST_027,AC52348,62.25,2023-06-19 12:07:00,Credit,Phoenix,D257504,86.243.144.71,M316,Online,69,Doctor,90,1,4877.68,2023-06-03 12:07:00,normal,0,normal,0.00972624514305899,True
TX_TEST_015,AC13420,51.84,2023-12-09 18:36:00,Debit,Phoenix,D983184,46.180.94.99,M799,Online,47,Doctor,90,1,11761.84,2023-11-15 18:36:00,normal,0,normal,0.0,True
TX_TEST_023,AC67458,40.92,2023-10-10 14:25:00,Debit,New York,D600328,135.195.57.245,M725,ATM,70,Student,60,1,7402.55,2023-10-08 14:25:00,normal,0,normal,0.0,True
TX_TEST_088,AC37208,954.6,2023-09-01 03:40:00,Debit,Los Angeles,D742804,77.158.232.203,M423,ATM,58,Retired,120,5,5583.72,2023-08-19 03:40:00,fraud,0,normal,0.23995995245969412,False
TX_TEST_062,AC84910,62.49,2023-10-07 09:16:00,Credit,Chicago,D938807,227.107.187.45,M197,Branch,50,Student,60,1,7622.43,2023-09-23 09:16:00,normal,0,normal,0.0,True
TX_TEST_033,AC46187,182.51,2023-04-01 21:48:00,Debit,New York,D605950,72.38.153.250,M773,Branch,36,Engineer,120,3,3852.11,2023-03-24 21:48:00,normal,0,normal,0.0,True
TX_TEST_075,AC10526,257.38,2023-12-26 02:02:00,Debit,Houston,D430904,222.205.198.17,M993,Branch,71,Engineer,120,1,2762.61,2023-12-06 02:02:00,normal,0,normal,0.0,True
TX_TEST_102,AC42371,142.66,2023-12-06 04:38:00,Credit,Houston,D157022,62.252.226.7,M254,ATM,57,Student,75,4,780.02,2023-12-01 04:38:00,fraud,0,normal,0.3385589655220438,False
TX_TEST_100,AC99099,731.32,2023-05-02 06:03:00,Debit,New York,D107967,128.95.91.141,M642,ATM,44,Engineer,80,1,493.88,2023-05-01 06:03:00,fraud,0,normal,0.0,False
TX_EDGE_122,AC16710,134.06,2023-04-05 17:20:00,Debit,Austin,D514600,47.142.175.238,M203,ATM,32,Retired,131,3,1239.94,2023-03-27 17:20:00,normal,0,normal,0.0,True
TX_TEST_055,AC72516,1072.32,2023-05-06 17:29:00,Debit,Houston,D238155,99.243.249.86,M463,ATM,21,Student,90,2,11497.73,2023-04-27 17:29:00,normal,0,normal,0.07664277892457391,True
TX_EDGE_133,AC59812,2239.83,2023-11-14 11:49:00,Debit,San Jose,D805860,48.19.100.195,M783,Online,40,Engineer,175,1,12702.67,2023-11-08 11:49:00,normal,0,normal,0.009221366376423309,True
TX_TEST_096,AC52828,19521.54,2023-04-08 11:21:00,Credit,New York,D935036,31.46.248.55,M307,Online,19,Doctor,45,2,6673.26,2023-04-04 11:21:00,fraud,1,fraud,0.7711077727769775,True
TX_TEST_052,AC48000,86.72,2023-02-02 16:53:00,Debit,New York,D651025,222.165.178.63,M743,ATM,35,Doctor,90,1,14110.39,2023-01-05 16:53:00,normal,0,normal,0.0,True
TX_EDGE_129,AC39516,92.25,2023-07-09 09:34:00,Debit,Austin,D811886,210.114.224.134,M350,Online,38,Retired,236,3,2459.41,2023-07-04 09:34:00,normal,0,normal,0.0,True
TX_TEST_108,AC40841,322.45,2023-03-14 00:48:00,Debit,Houston,D224447,222.118.38.241,M879,ATM,50,Doctor,60,1,984.07,2023-03-11 00:48:00,fraud,0,normal,0.0,False
TX_TEST_048,AC47219,39.21,2023-08-11 14:11:00,Debit,Los Angeles,D311951,68.132.119.37,M939,ATM,45,Doctor,60,1,1609.51,2023-07-30 14:11:00,normal,0,normal,0.0,True
TX_TEST_115,AC17999,1356.05,2023-03-14 04:25:00,Debit,Phoenix,D384580,212.48.148.74,M803,ATM,62,Student,75,2,1944.99,2023-02-13 04:25:00,fraud,0,normal,0.1374206346687517,False
TX_TEST_017,AC80031,325.29,2023-04-01 14:07:00,Credit,New York,D584299,115.214.142.92,M453,Online,43,Doctor,60,1,30782.73,2023-03-18 14:07:00,normal,0,normal,0.0,True
TX_TEST_070,AC70461,700.83,2023-12-07 17:01:00,Debit,Los Angeles,D175418,113.232.16.104,M322,Online,58,Retired,120,1,3249.63,2023-11-24 17:01:00,normal,0,normal,0.0,True
TX_TEST_012,AC52642,114.0,2023-11-23 13:08:00,Debit,Houston,D639439,208.130.147.152,M153,ATM,68,Retired,120,1,7096.42,2023-11-14 13:08:00,normal,0,normal,0.0,True
TX_TEST_046,AC12336,596.47,2023-01-05 07:26:00,Credit,Phoenix,D465821,196.85.65.10,M616,ATM,49,Retired,120,1,13472.9,2022-12-13 07:26:00,normal,0,normal,0.0,True
TX_TEST_020,AC77215,97.77,2023-07-03 14:11:00,Debit,Phoenix,D955474,229.85.184.29,M319,Branch,72,Engineer,90,1,1662.38,2023-06-07 14:11:00,normal,0,normal,0.0,True
TX_EDGE_148,AC52261,486.92,2023-01-13 12:31:00,Debit,Miami,D734947,69.164.232.49,M773,Online,33,Engineer,107,1,4401.34,2023-01-04 12:31:00,normal,0,normal,0.01,True
TX_TEST_047,AC26478,698.41,2023-12-13 08:01:00,Credit,Phoenix,D332050,243.163.35.26,M910,Online,34,Engineer,120,1,1974.32,2023-11-16 08:01:00,normal,0,normal,0.0,True
TX_TEST_054,AC27327,218.37,2023-06-21 21:13:00,Credit,Houston,D147057,7.73.6.161,M250,Branch,51,Student,120,1,11777.56,2023-05-29 21:13:00,normal,0,normal,0.0,True
TX_TEST_011,AC93879,50.01,2023-07-20 09:40:00,Credit,Chicago,D171295,39.81.103.129,M878,Branch,38,Student,90,2,1845.38,2023-07-19 09:40:00,normal,0,normal,0.05919332439353174,True
TX_TEST_098,AC28073,868.77,2023-09-09 02:00:00,Debit,Los Angeles,D136035,210.54.5.163,M505,Online,50,Engineer,75,4,1438.41,2023-09-09 02:00:00,fraud,0,normal,0.12632444681339716,False
TX_TEST_117,AC24289,78.37,2023-04-18 06:32:00,Debit,Los Angeles,D215359,248.202.147.216,M754,Online,53,Retired,25,4,99.01,2023-04-12 06:32:00,fraud,1,fraud,0.6696858006041281,True
TX_TEST_091,AC64691,401.27,2023-11-15 12:27:00,Debit,Phoenix,D557373,146.1.176.77,M743,Branch,39,Doctor,10,5,3255.58,2023-10-30 12:27:00,fraud,1,fraud,0.5299301266735789,True
TX_TEST_064,AC50600,5308.24,2023-08-18 06:03:00,Debit,New York,D813135,193.180.237.207,M684,Online,58,Engineer,60,1,1668.29,2023-07-31 06:03:00,normal,0,normal,0.2627298245133116,True
TX_TEST_118,AC16588,6765.44,2023-03-25 02:20:00,Debit,Los Angeles,D452680,161.177.116.196,M994,Online,38,Student,75,4,1027.24,2023-02-28 02:20:00,fraud,1,fraud,0.6240178687093249,True
TX_TEST_101,AC35032,79.27,2023-09-02 01:10:00,Debit,Chicago,D793206,83.136.98.149,M428,ATM,52,Student,40,1,2113.1,2023-08-09 01:10:00,fraud,0,normal,0.03,False
TX_EDGE_145,AC21738,1549.96,2023-12-03 10:42:00,Debit,New York,D980765,139.48.112.38,M675,Online,43,Engineer,109,1,11966.07,2023-11-25 10:42:00,normal,0,normal,0.009221366376423309,True
TX_TEST_005,AC88603,63.78,2023-09-07 09:08:00,Credit,Los Angeles,D475713,33.47.246.151,M673,Branch,54,Engineer,60,1,1401.42,2023-08-30 09:08:00,normal,0,normal,0.0,True
TX_TEST_028,AC67799,1016.84,2023-02-26 08:19:00,Credit,Chicago,D506332,127.104.166.1,M486,Branch,29,Student,60,1,1158.33,2023-01-29 08:19:00,normal,0,normal,0.0,True
TX_TEST_008,AC19474,105.72,2023-09-20 08:12:00,Debit,New York,D599046,198.199.154.137,M417,Online,44,Engineer,60,2,679.6,2023-09-11 08:12:00,normal,0,normal,0.08551601298959594,True
